USE [MyERP]
GO
INSERT [dbo].[ESTADOS] ([ID], [DESCRIPCION], [VERSION], [ID_AUDITORIA]) VALUES (CAST(1 AS Numeric(18, 0)), N'Activo', NULL, NULL)
GO
INSERT [dbo].[ESTADOS] ([ID], [DESCRIPCION], [VERSION], [ID_AUDITORIA]) VALUES (CAST(2 AS Numeric(18, 0)), N'Inactivo', NULL, NULL)
GO
INSERT [dbo].[ESTADOS] ([ID], [DESCRIPCION], [VERSION], [ID_AUDITORIA]) VALUES (CAST(3 AS Numeric(18, 0)), N'Nulo', NULL, NULL)
GO
SET IDENTITY_INSERT [dbo].[PERMISOS] ON 

GO
INSERT [dbo].[PERMISOS] ([ID], [NOMBRE], [DESCRIPCION], [ID_ESTADO]) VALUES (4, N'AGREGAR REGISTROS', N'AGREGAR REGISTROS', CAST(1 AS Numeric(18, 0)))
GO
INSERT [dbo].[PERMISOS] ([ID], [NOMBRE], [DESCRIPCION], [ID_ESTADO]) VALUES (5, N'MODIFICAR REGISTRO', N'MODIFICAR REGISTRO', CAST(1 AS Numeric(18, 0)))
GO
INSERT [dbo].[PERMISOS] ([ID], [NOMBRE], [DESCRIPCION], [ID_ESTADO]) VALUES (6, N'ELIMINAR REGISTRO', N'ELIMINAR REGISTRO', CAST(1 AS Numeric(18, 0)))
GO
INSERT [dbo].[PERMISOS] ([ID], [NOMBRE], [DESCRIPCION], [ID_ESTADO]) VALUES (7, N'LISTAR REGISTROS', N'LISTAR REGISTROS', CAST(1 AS Numeric(18, 0)))
GO
INSERT [dbo].[PERMISOS] ([ID], [NOMBRE], [DESCRIPCION], [ID_ESTADO]) VALUES (8, N'IMPRIMIR REGISTROS', N'IMPRIMIR REGISTROS', CAST(1 AS Numeric(18, 0)))
GO
SET IDENTITY_INSERT [dbo].[PERMISOS] OFF
GO
SET IDENTITY_INSERT [dbo].[GROUPS] ON 

GO
INSERT [dbo].[GROUPS] ([ID], [NAME], [DESCRIPTION], [STATUS]) VALUES (10, N'ARCHITECTURE', N'ARCHITECTURE', CAST(1 AS Numeric(18, 0)))
GO
INSERT [dbo].[GROUPS] ([ID], [NAME], [DESCRIPTION], [STATUS]) VALUES (12, N'MOBILE', N'MOBILE', CAST(1 AS Numeric(18, 0)))
GO
INSERT [dbo].[GROUPS] ([ID], [NAME], [DESCRIPTION], [STATUS]) VALUES (13, N'QA', N'QUALITY ASSURANCE', CAST(1 AS Numeric(18, 0)))
GO
INSERT [dbo].[GROUPS] ([ID], [NAME], [DESCRIPTION], [STATUS]) VALUES (14, N'FUNCTIONAL ANALYSIS', N'FUNCTIONAL ANALYSIS', CAST(1 AS Numeric(18, 0)))
GO
INSERT [dbo].[GROUPS] ([ID], [NAME], [DESCRIPTION], [STATUS]) VALUES (15, N'DEVELOPMENT', N'DEVELOPMENT', CAST(1 AS Numeric(18, 0)))
GO
SET IDENTITY_INSERT [dbo].[GROUPS] OFF
GO
SET IDENTITY_INSERT [dbo].[ROLES] ON 

GO
INSERT [dbo].[ROLES] ([ID], [NOMBRE], [DESCRIPCION], [ID_ESTADO]) VALUES (5, N'ARQUITECTO DE SOFTWARE', N'ARQUITECTO DE SOFTWARE SENIOR', CAST(1 AS Numeric(18, 0)))
GO
INSERT [dbo].[ROLES] ([ID], [NOMBRE], [DESCRIPCION], [ID_ESTADO]) VALUES (6, N'ANALISTA PROGRAMADOR SENIOR', N'ANALISTA PROGRAMADOR SENIOR', CAST(1 AS Numeric(18, 0)))
GO
INSERT [dbo].[ROLES] ([ID], [NOMBRE], [DESCRIPCION], [ID_ESTADO]) VALUES (7, N'ANALISTA PROGRAMADOR SEMI SENIOR', N'ANALISTA PROGRAMADOR SEMISENIOR', CAST(1 AS Numeric(18, 0)))
GO
INSERT [dbo].[ROLES] ([ID], [NOMBRE], [DESCRIPCION], [ID_ESTADO]) VALUES (8, N'ANALISTA PROGRAMADOR JUNIOR', N'ANALISTA PROGRAMADOR JUNIOR', CAST(1 AS Numeric(18, 0)))
GO
INSERT [dbo].[ROLES] ([ID], [NOMBRE], [DESCRIPCION], [ID_ESTADO]) VALUES (9, N'ARQUITECTO DE SOFTWARE SEMISENIOR', N'ARQUITECTO DE SOFTWARE SEMISENIOR', CAST(1 AS Numeric(18, 0)))
GO
INSERT [dbo].[ROLES] ([ID], [NOMBRE], [DESCRIPCION], [ID_ESTADO]) VALUES (10, N'ANALISTA FUNCIONAL SENIOR', N'ANALISTA FUNCIONAL SENIOR', CAST(1 AS Numeric(18, 0)))
GO
SET IDENTITY_INSERT [dbo].[ROLES] OFF
GO
SET IDENTITY_INSERT [dbo].[USERS] ON 

GO
INSERT [dbo].[USERS] ([ID], [ALIAS], [NAME], [LASTNAME], [STATUS], [ROW_VERSION], [AUDITORY_ID]) VALUES (CAST(2 AS Numeric(18, 0)), N'CPORCEL', N'CARLOS', N'PORCEL', CAST(1 AS Numeric(18, 0)), NULL, NULL)
GO
INSERT [dbo].[USERS] ([ID], [ALIAS], [NAME], [LASTNAME], [STATUS], [ROW_VERSION], [AUDITORY_ID]) VALUES (CAST(16 AS Numeric(18, 0)), N'RBUGALLO', N'RAMIRO', N'BUGALLO', CAST(1 AS Numeric(18, 0)), NULL, NULL)
GO
INSERT [dbo].[USERS] ([ID], [ALIAS], [NAME], [LASTNAME], [STATUS], [ROW_VERSION], [AUDITORY_ID]) VALUES (CAST(17 AS Numeric(18, 0)), N'MLUJAN', N'MARCELO', N'LUJAN', CAST(1 AS Numeric(18, 0)), NULL, NULL)
GO
INSERT [dbo].[USERS] ([ID], [ALIAS], [NAME], [LASTNAME], [STATUS], [ROW_VERSION], [AUDITORY_ID]) VALUES (CAST(18 AS Numeric(18, 0)), N'SCORRADI', N'SEBASTIAN', N'CORRADI', CAST(1 AS Numeric(18, 0)), NULL, NULL)
GO
INSERT [dbo].[USERS] ([ID], [ALIAS], [NAME], [LASTNAME], [STATUS], [ROW_VERSION], [AUDITORY_ID]) VALUES (CAST(19 AS Numeric(18, 0)), N'JPRESTI', N'JAVIER', N'PRESTI', CAST(1 AS Numeric(18, 0)), NULL, NULL)
GO
INSERT [dbo].[USERS] ([ID], [ALIAS], [NAME], [LASTNAME], [STATUS], [ROW_VERSION], [AUDITORY_ID]) VALUES (CAST(20 AS Numeric(18, 0)), N'GROMAN', N'GASTON', N'ROMAN', CAST(1 AS Numeric(18, 0)), NULL, NULL)
GO
INSERT [dbo].[USERS] ([ID], [ALIAS], [NAME], [LASTNAME], [STATUS], [ROW_VERSION], [AUDITORY_ID]) VALUES (CAST(21 AS Numeric(18, 0)), N'MLAVARREN', N'MARIANO', N'LAVARREN', CAST(1 AS Numeric(18, 0)), NULL, NULL)
GO
INSERT [dbo].[USERS] ([ID], [ALIAS], [NAME], [LASTNAME], [STATUS], [ROW_VERSION], [AUDITORY_ID]) VALUES (CAST(22 AS Numeric(18, 0)), N'CDEPETRIS', N'CARLA', N'DE PETRIS', CAST(1 AS Numeric(18, 0)), NULL, NULL)
GO
INSERT [dbo].[USERS] ([ID], [ALIAS], [NAME], [LASTNAME], [STATUS], [ROW_VERSION], [AUDITORY_ID]) VALUES (CAST(23 AS Numeric(18, 0)), N'LOJEDA', N'LAURA', N'OJEDA', CAST(1 AS Numeric(18, 0)), NULL, NULL)
GO
INSERT [dbo].[USERS] ([ID], [ALIAS], [NAME], [LASTNAME], [STATUS], [ROW_VERSION], [AUDITORY_ID]) VALUES (CAST(24 AS Numeric(18, 0)), N'RSALAZAR', N'ROBERT', N'SALAZAR', CAST(1 AS Numeric(18, 0)), NULL, NULL)
GO
INSERT [dbo].[USERS] ([ID], [ALIAS], [NAME], [LASTNAME], [STATUS], [ROW_VERSION], [AUDITORY_ID]) VALUES (CAST(25 AS Numeric(18, 0)), N'MSELAEZ', N'MIGUEL', N'SELAEZ', CAST(1 AS Numeric(18, 0)), NULL, NULL)
GO
INSERT [dbo].[USERS] ([ID], [ALIAS], [NAME], [LASTNAME], [STATUS], [ROW_VERSION], [AUDITORY_ID]) VALUES (CAST(26 AS Numeric(18, 0)), N'PMASCIALINO', N'PATRICIO', N'MASCIALINO', CAST(1 AS Numeric(18, 0)), NULL, NULL)
GO
INSERT [dbo].[USERS] ([ID], [ALIAS], [NAME], [LASTNAME], [STATUS], [ROW_VERSION], [AUDITORY_ID]) VALUES (CAST(27 AS Numeric(18, 0)), N'GBRUSCA', N'GIANI', N'BRUSCA', CAST(1 AS Numeric(18, 0)), NULL, NULL)
GO
INSERT [dbo].[USERS] ([ID], [ALIAS], [NAME], [LASTNAME], [STATUS], [ROW_VERSION], [AUDITORY_ID]) VALUES (CAST(28 AS Numeric(18, 0)), N'FBRUSCA', N'FRANCO', N'BRUSCA', CAST(1 AS Numeric(18, 0)), NULL, NULL)
GO
INSERT [dbo].[USERS] ([ID], [ALIAS], [NAME], [LASTNAME], [STATUS], [ROW_VERSION], [AUDITORY_ID]) VALUES (CAST(29 AS Numeric(18, 0)), N'SDEMARCO', N'SERGIO', N'DE MARCO', CAST(1 AS Numeric(18, 0)), NULL, NULL)
GO
SET IDENTITY_INSERT [dbo].[USERS] OFF
GO
INSERT [dbo].[USERS_GROUPS] ([USERID], [GROUPID]) VALUES (CAST(2 AS Numeric(18, 0)), 10)
GO
INSERT [dbo].[USERS_GROUPS] ([USERID], [GROUPID]) VALUES (CAST(2 AS Numeric(18, 0)), 15)
GO
INSERT [dbo].[USERS_GROUPS] ([USERID], [GROUPID]) VALUES (CAST(18 AS Numeric(18, 0)), 15)
GO
INSERT [dbo].[USERS_GROUPS] ([USERID], [GROUPID]) VALUES (CAST(21 AS Numeric(18, 0)), 15)
GO
INSERT [dbo].[USERS_GROUPS] ([USERID], [GROUPID]) VALUES (CAST(22 AS Numeric(18, 0)), 15)
GO
INSERT [dbo].[USERS_GROUPS] ([USERID], [GROUPID]) VALUES (CAST(27 AS Numeric(18, 0)), 15)
GO
INSERT [dbo].[USERS_GROUPS] ([USERID], [GROUPID]) VALUES (CAST(29 AS Numeric(18, 0)), 15)
GO
INSERT [dbo].[USERS_GROUPS] ([USERID], [GROUPID]) VALUES (CAST(22 AS Numeric(18, 0)), 13)
GO
INSERT [dbo].[USERS_GROUPS] ([USERID], [GROUPID]) VALUES (CAST(21 AS Numeric(18, 0)), 13)
GO
INSERT [dbo].[USERS_GROUPS] ([USERID], [GROUPID]) VALUES (CAST(18 AS Numeric(18, 0)), 12)
GO
INSERT [dbo].[USERS_GROUPS] ([USERID], [GROUPID]) VALUES (CAST(24 AS Numeric(18, 0)), 15)
GO
INSERT [dbo].[USERS_GROUPS] ([USERID], [GROUPID]) VALUES (CAST(26 AS Numeric(18, 0)), 15)
GO
INSERT [dbo].[USERS_GROUPS] ([USERID], [GROUPID]) VALUES (CAST(25 AS Numeric(18, 0)), 15)
GO
INSERT [dbo].[USERS_GROUPS] ([USERID], [GROUPID]) VALUES (CAST(16 AS Numeric(18, 0)), 10)
GO
INSERT [dbo].[USERS_GROUPS] ([USERID], [GROUPID]) VALUES (CAST(20 AS Numeric(18, 0)), 15)
GO
INSERT [dbo].[USERS_GROUPS] ([USERID], [GROUPID]) VALUES (CAST(17 AS Numeric(18, 0)), 10)
GO
INSERT [dbo].[USERS_GROUPS] ([USERID], [GROUPID]) VALUES (CAST(16 AS Numeric(18, 0)), 15)
GO
INSERT [dbo].[USERS_GROUPS] ([USERID], [GROUPID]) VALUES (CAST(28 AS Numeric(18, 0)), 15)
GO
INSERT [dbo].[USERS_GROUPS] ([USERID], [GROUPID]) VALUES (CAST(23 AS Numeric(18, 0)), 15)
GO
INSERT [dbo].[USERS_GROUPS] ([USERID], [GROUPID]) VALUES (CAST(20 AS Numeric(18, 0)), 13)
GO
INSERT [dbo].[USERS_GROUPS] ([USERID], [GROUPID]) VALUES (CAST(19 AS Numeric(18, 0)), 15)
GO
INSERT [dbo].[USERS_GROUPS] ([USERID], [GROUPID]) VALUES (CAST(28 AS Numeric(18, 0)), 12)
GO
INSERT [dbo].[USERS_GROUPS] ([USERID], [GROUPID]) VALUES (CAST(19 AS Numeric(18, 0)), 12)
GO
INSERT [dbo].[USERS_GROUPS] ([USERID], [GROUPID]) VALUES (CAST(23 AS Numeric(18, 0)), 14)
GO
INSERT [dbo].[USERS_GROUPS] ([USERID], [GROUPID]) VALUES (CAST(17 AS Numeric(18, 0)), 15)
GO
